Sakhir,Bahrain Grand Prix,Practice 1,2023-03-03 11:30:00,Practice 2,2023-03-03 15:00:00,Practice 3,2023-03-04 11:30:00,Qualifying,2023-03-04 15:00:00,Race,2023-03-05 15:00:00
Jeddah,Saudi Arabian Grand Prix,Practice 1,2023-03-17 13:30:00,Practice 2,2023-03-17 17:00:00,Practice 3,2023-03-18 13:30:00,Qualifying,2023-03-18 17:00:00,Race,2023-03-19 17:00:00
Melbourne,Australian Grand Prix,Practice 1,2023-03-31 02:30:00,Practice 2,2023-03-31 06:00:00,Practice 3,2023-04-01 02:30:00,Qualifying,2023-04-01 06:00:00,Race,2023-04-02 05:00:00
Baku,Azerbaijan Grand Prix,Practice 1,2023-04-28 09:30:00,Qualifying,2023-04-28 13:00:00,Sprint Shootout,2023-04-29 08:30:00,Sprint,2023-04-29 13:30:00,Race,2023-04-30 11:00:00
Miami,Miami Grand Prix,Practice 1,2023-05-05 18:00:00,Practice 2,2023-05-05 21:30:00,Practice 3,2023-05-06 16:30:00,Qualifying,2023-05-06 20:00:00,Race,2023-05-07 19:30:00
Monaco,Monaco Grand Prix,Practice 1,2023-05-26 11:30:00,Practice 2,2023-05-26 15:00:00,Practice 3,2023-05-27 10:30:00,Qualifying,2023-05-27 14:00:00,Race,2023-05-28 13:00:00
Barcelona,Spanish Grand Prix,Practice 1,2023-06-02 11:30:00,Practice 2,2023-06-02 15:00:00,Practice 3,2023-06-03 10:30:00,Qualifying,2023-06-03 14:00:00,Race,2023-06-04 13:00:00
Montréal,Canadian Grand Prix,Practice 1,2023-06-16 17:30:00,Practice 2,2023-06-16 20:30:00,Practice 3,2023-06-17 16:30:00,Qualifying,2023-06-17 20:00:00,Race,2023-06-18 18:00:00
Spielberg,Austrian Grand Prix,Practice 1,2023-06-30 11:30:00,Qualifying,2023-06-30 15:00:00,Sprint Shootout,2023-07-01 10:00:00,Sprint,2023-07-01 14:30:00,Race,2023-07-02 13:00:00
Silverstone,British Grand Prix,Practice 1,2023-07-07 11:30:00,Practice 2,2023-07-07 15:00:00,Practice 3,2023-07-08 10:30:00,Qualifying,2023-07-08 14:00:00,Race,2023-07-09 14:00:00
Budapest,Hungarian Grand Prix,Practice 1,2023-07-21 11:30:00,Practice 2,2023-07-21 15:00:00,Practice 3,2023-07-22 10:30:00,Qualifying,2023-07-22 14:00:00,Race,2023-07-23 13:00:00
Spa-Francorchamps,Belgian Grand Prix,Practice 1,2023-07-28 11:30:00,Qualifying,2023-07-28 15:00:00,Sprint Shootout,2023-07-29 10:00:00,Sprint,2023-07-29 15:05:00,Race,2023-07-30 13:00:00
Zandvoort,Dutch Grand Prix,Practice 1,2023-08-25 10:30:00,Practice 2,2023-08-25 14:00:00,Practice 3,2023-08-26 09:30:00,Qualifying,2023-08-26 13:00:00,Race,2023-08-27 13:00:00
Monza,Italian Grand Prix,Practice 1,2023-09-01 11:30:00,Practice 2,2023-09-01 15:00:00,Practice 3,2023-09-02 10:30:00,Qualifying,2023-09-02 14:00:00,Race,2023-09-03 13:00:00
Marina Bay,Singapore Grand Prix,Practice 1,2023-09-15 09:30:00,Practice 2,2023-09-15 13:00:00,Practice 3,2023-09-16 09:30:00,Qualifying,2023-09-16 13:00:00,Race,2023-09-17 12:00:00
Suzuka,Japanese Grand Prix,Practice 1,2023-09-22 02:30:00,Practice 2,2023-09-22 06:00:00,Practice 3,2023-09-23 02:30:00,Qualifying,2023-09-23 06:00:00,Race,2023-09-24 05:00:00
Lusail,Qatar Grand Prix,Practice 1,2023-10-06 13:30:00,Qualifying,2023-10-06 17:00:00,Sprint Shootout,2023-10-07 13:00:00,Sprint,2023-10-07 17:30:00,Race,2023-10-08 17:00:00
Austin,United States Grand Prix,Practice 1,2023-10-20 17:30:00,Qualifying,2023-10-20 21:00:00,Sprint Shootout,2023-10-21 17:30:00,Sprint,2023-10-21 22:00:00,Race,2023-10-22 19:00:00
Mexico City,Mexico City Grand Prix,Practice 1,2023-10-27 18:30:00,Practice 2,2023-10-27 22:00:00,Practice 3,2023-10-28 17:30:00,Qualifying,2023-10-28 21:00:00,Race,2023-10-29 20:00:00
São Paulo,São Paulo Grand Prix,Practice 1,2023-11-03 14:30:00,Qualifying,2023-11-03 18:00:00,Sprint Shootout,2023-11-04 14:00:00,Sprint,2023-11-04 18:30:00,Race,2023-11-05 17:00:00
Las Vegas,Las Vegas Grand Prix,Practice 1,2023-11-17 04:30:00,Practice 2,2023-11-17 08:00:00,Practice 3,2023-11-18 04:30:00,Qualifying,2023-11-18 08:00:00,Race,2023-11-19 06:00:00
Yas Island,Abu Dhabi Grand Prix,Practice 1,2023-11-24 09:30:00,Practice 2,2023-11-24 13:00:00,Practice 3,2023-11-25 10:30:00,Qualifying,2023-11-25 14:00:00,Race,2023-11-26 13:00:00
